feature,importance
value852,0.072267845
value735,0.057430223
value137,0.029283026
value100,0.025825338
value466,0.023155406
value239,0.022819135
value727,0.021684755
value241,0.021484401
value802,0.019787205
value708,0.017472867
value820,0.01694973
value437,0.016919471
value768,0.016885247
value866,0.016374685
value8,0.015193168
value19,0.01492644
value739,0.014668605
value476,0.013679731
value806,0.013369864
value638,0.012155202
value662,0.011785119
value892,0.01177616
value548,0.011534742
value334,0.010249345
value107,0.00877814
value51,0.008187028
value577,0.008076285
value723,0.008042778
value468,0.0062831095
value135,0.00595726
value712,0.0058134585
value545,0.005765888
value635,0.005558429
value59,0.005519386
value49,0.005499897
value440,0.0052330806
fault_severity,0.0047409344
value744,0.00454126
value446,0.004439156
value480,0.004421365
value591,0.0043721953
value140,0.0042998185
value717,0.004270012
value878,0.004235663
value833,0.0041666934
value35,0.0041219033
value795,0.004087549
value804,0.003997253
value20,0.0039666616
value887,0.003965009
value393,0.0039316504
value737,0.003928454
value620,0.003821517
value439,0.0038139927
value443,0.0037875418
value34,0.0037580873
value15,0.003753283
value784,0.0036345106
value160,0.0036003317
value563,0.0034651773
value56,0.0033570735
value867,0.0032856718
value133,0.0032347566
value670,0.003113734
value665,0.003102941
value718,0.0030981484
value827,0.0030606992
value464,0.0030149075
value740,0.0029720515
value763,0.002966383
value96,0.0029432501
value709,0.0029240062
value42,0.0028649045
value165,0.0028444703
value477,0.0028362474
value716,0.0027844221
value74,0.002774854
value814,0.0027729496
value129,0.0027046383
value839,0.0026808693
value461,0.0026511182
value593,0.0026283278
value266,0.0026243483
value254,0.0025983728
value304,0.0025946882
value570,0.0025869145
value467,0.002567812
value452,0.0025530667
value810,0.0025470122
value551,0.0025433712
value746,0.0025354617
value828,0.0024489637
value434,0.0024471888
value672,0.0024394786
value127,0.0024202098
value98,0.0023990595
value112,0.0023871681
value307,0.0023383389
value722,0.0023084478
value309,0.002296047
value818,0.0022504623
value286,0.0022494108
value879,0.0022402478
value453,0.0022380755
value624,0.002218336
value889,0.0021960353
value360,0.0021959788
value748,0.0021601766
value250,0.0021386843
value0,0.0021338589
value445,0.0021232115
value132,0.002098312
value282,0.0020809262
value18,0.0020630439
value847,0.0020573665
value865,0.0020367603
value815,0.0020335852
value161,0.0020304148
value473,0.0020178026
value139,0.0019811343
value598,0.0019546999
value106,0.0019528725
value209,0.0019418801
value652,0.0019259454
value103,0.0019255866
value264,0.0019230556
value861,0.0019116297
value555,0.0019112631
value394,0.0019092874
value872,0.0018579026
value262,0.0018502771
value725,0.0018453061
value168,0.0018442794
value377,0.0018435258
value431,0.0018388884
value94,0.00183347
value184,0.0018196335
value641,0.0018184776
value43,0.0018144526
value417,0.0018065147
value317,0.001803108
value432,0.0018008583
value844,0.0017940138
value358,0.0017865488
value167,0.0017862596
value289,0.0017834199
value143,0.0017756141
value65,0.0017724227
value169,0.0017697182
value478,0.0017636525
value822,0.0017594893
value472,0.0017440611
value458,0.0017399874
value181,0.0017263643
value751,0.0017249882
value276,0.0017221872
value425,0.0017216115
value487,0.0017136877
value550,0.0017104171
value671,0.0017059029
value27,0.0017008146
value885,0.0016993998
value230,0.001697021
value714,0.001695583
value423,0.0016918294
value442,0.0016799441
value678,0.0016648276
value26,0.0016581643
value536,0.001638103
value185,0.0016368334
value512,0.0016357718
value242,0.0016350679
value427,0.001633443
value300,0.0016311174
value796,0.001630914
value366,0.0016135181
value893,0.0016094294
value679,0.0016079444
value787,0.0016059952
value456,0.0016031025
value291,0.0015901666
value237,0.001567891
value891,0.0015555474
value689,0.001552829
value2,0.0015023362
value455,0.0015002071
value163,0.0014945901
value120,0.0014924578
value390,0.0014870184
value38,0.0014805992
value811,0.0014720096
value579,0.0014713107
value504,0.0014692222
value475,0.0014673192
value645,0.0014638237
value421,0.00145956
value436,0.0014591893
value397,0.001456108
value385,0.0014457821
value144,0.0014312237
value226,0.00142614
value48,0.0014169051
value109,0.00141608
value791,0.0013828934
value131,0.0013756533
value157,0.0013584679
value637,0.0013398682
value306,0.0013350893
value683,0.0013204517
value318,0.0012984988
value656,0.0012900273
value731,0.0012736404
value552,0.0012527687
value179,0.0012505804
value420,0.0012253965
value175,0.0012211449
value696,0.0011923023
value249,0.0011581444
value295,0.0011531953
value405,0.0011525521
value381,0.0011461767
value729,0.0011430073
value14,0.0011411101
value572,0.0
value571,0.0
value851,0.0
value576,0.0
value575,0.0
value574,0.0
value573,0.0
value581,0.0
value578,0.0
value580,0.0
value584,0.0
value583,0.0
value850,0.0
value582,0.0
value849,0.0
value846,0.0
value585,0.0
value586,0.0
value604,0.0
value605,0.0
value606,0.0
value607,0.0
value608,0.0
value609,0.0
value610,0.0
value611,0.0
value612,0.0
value613,0.0
value614,0.0
value615,0.0
value616,0.0
value617,0.0
value618,0.0
value840,0.0
value619,0.0
value841,0.0
value603,0.0
value602,0.0
value592,0.0
value587,0.0
value588,0.0
value589,0.0
value590,0.0
value848,0.0
value853,0.0
value845,0.0
value843,0.0
value601,0.0
value594,0.0
value595,0.0
value596,0.0
value597,0.0
value842,0.0
value599,0.0
value600,0.0
value569,0.0
value775,0.0
value568,0.0
value540,0.0
value533,0.0
value534,0.0
value535,0.0
value894,0.0
value537,0.0
value538,0.0
value539,0.0
value541,0.0
value547,0.0
value542,0.0
value543,0.0
value890,0.0
value888,0.0
value544,0.0
value886,0.0
value884,0.0
value532,0.0
value531,0.0
value530,0.0
value529,0.0
value514,0.0
value515,0.0
value516,0.0
value517,0.0
value518,0.0
value519,0.0
value520,0.0
value521,0.0
value522,0.0
value523,0.0
value524,0.0
value525,0.0
value526,0.0
value527,0.0
value528,0.0
value546,0.0
value883,0.0
value854,0.0
value562,0.0
value863,0.0
value862,0.0
value560,0.0
value860,0.0
value561,0.0
value859,0.0
value837,0.0
value858,0.0
value882,0.0
value857,0.0
value856,0.0
value855,0.0
value564,0.0
value565,0.0
value566,0.0
value567,0.0
value559,0.0
value864,0.0
value868,0.0
value558,0.0
value881,0.0
value880,0.0
value877,0.0
value549,0.0
value876,0.0
value875,0.0
value874,0.0
value873,0.0
value553,0.0
value554,0.0
value871,0.0
value870,0.0
value869,0.0
value556,0.0
value557,0.0
value838,0.0
value636,0.0
value621,0.0
value790,0.0
value794,0.0
value793,0.0
value719,0.0
value720,0.0
value721,0.0
value792,0.0
value724,0.0
value726,0.0
value715,0.0
value789,0.0
value728,0.0
value730,0.0
value732,0.0
value733,0.0
value734,0.0
value788,0.0
value797,0.0
value798,0.0
value622,0.0
value805,0.0
value699,0.0
value700,0.0
value701,0.0
value702,0.0
value703,0.0
value513,0.0
value705,0.0
value706,0.0
value713,0.0
value707,0.0
value803,0.0
value801,0.0
value800,0.0
value710,0.0
value711,0.0
value799,0.0
value736,0.0
value738,0.0
value786,0.0
value766,0.0
value760,0.0
value761,0.0
value762,0.0
value779,0.0
value764,0.0
value778,0.0
value765,0.0
value777,0.0
value785,0.0
value767,0.0
value776,0.0
value769,0.0
value770,0.0
value771,0.0
value772,0.0
value773,0.0
value759,0.0
value758,0.0
value757,0.0
value756,0.0
value741,0.0
value783,0.0
value742,0.0
value743,0.0
value782,0.0
value745,0.0
value781,0.0
value747,0.0
value749,0.0
value750,0.0
value780,0.0
value752,0.0
value753,0.0
value754,0.0
value755,0.0
value698,0.0
value807,0.0
value697,0.0
value650,0.0
value831,0.0
value643,0.0
value644,0.0
value646,0.0
value647,0.0
value648,0.0
value649,0.0
value651,0.0
value660,0.0
value830,0.0
value653,0.0
value654,0.0
value655,0.0
value657,0.0
value829,0.0
value658,0.0
value642,0.0
value832,0.0
value640,0.0
value639,0.0
value623,0.0
value836,0.0
value625,0.0
value626,0.0
value627,0.0
value628,0.0
value629,0.0
value630,0.0
value631,0.0
value632,0.0
value633,0.0
value634,0.0
value835,0.0
value774,0.0
value834,0.0
value659,0.0
value661,0.0
value808,0.0
value687,0.0
value812,0.0
value680,0.0
value681,0.0
value682,0.0
value684,0.0
value685,0.0
value686,0.0
value809,0.0
value826,0.0
value688,0.0
value690,0.0
value691,0.0
value692,0.0
value693,0.0
value694,0.0
value695,0.0
value813,0.0
value677,0.0
value676,0.0
value675,0.0
value663,0.0
value664,0.0
value825,0.0
value824,0.0
value823,0.0
value666,0.0
value821,0.0
value667,0.0
value668,0.0
value669,0.0
value819,0.0
value817,0.0
value816,0.0
value673,0.0
value674,0.0
value704,0.0
value447,0.0
value511,0.0
value183,0.0
value171,0.0
value172,0.0
value173,0.0
value174,0.0
value176,0.0
value177,0.0
value178,0.0
value180,0.0
value182,0.0
value186,0.0
value166,0.0
value187,0.0
value188,0.0
value189,0.0
value190,0.0
value191,0.0
value192,0.0
value193,0.0
value194,0.0
value195,0.0
value170,0.0
value164,0.0
value197,0.0
value148,0.0
value130,0.0
value134,0.0
value136,0.0
value138,0.0
value141,0.0
value142,0.0
value145,0.0
value146,0.0
value147,0.0
value149,0.0
value162,0.0
value150,0.0
value151,0.0
value152,0.0
value153,0.0
value154,0.0
value155,0.0
value156,0.0
value158,0.0
value159,0.0
value196,0.0
value198,0.0
value126,0.0
value236,0.0
value225,0.0
value227,0.0
value228,0.0
value229,0.0
value231,0.0
value232,0.0
value233,0.0
value234,0.0
value235,0.0
value238,0.0
value223,0.0
value240,0.0
value243,0.0
value244,0.0
value245,0.0
value246,0.0
value247,0.0
value248,0.0
value251,0.0
value252,0.0
value224,0.0
value222,0.0
value199,0.0
value210,0.0
value200,0.0
value201,0.0
value202,0.0
value203,0.0
value204,0.0
value205,0.0
value206,0.0
value207,0.0
value208,0.0
value211,0.0
value221,0.0
value212,0.0
value213,0.0
value214,0.0
value215,0.0
value216,0.0
value217,0.0
value218,0.0
value219,0.0
value220,0.0
value128,0.0
value125,0.0
value510,0.0
value50,0.0
value36,0.0
value37,0.0
value39,0.0
value40,0.0
value41,0.0
value44,0.0
value45,0.0
value46,0.0
value47,0.0
value52,0.0
value32,0.0
value53,0.0
value54,0.0
value55,0.0
value57,0.0
value58,0.0
value60,0.0
value61,0.0
value62,0.0
value63,0.0
value33,0.0
value31,0.0
value66,0.0
value12,0.0
value1,0.0
value3,0.0
value4,0.0
value5,0.0
value6,0.0
value7,0.0
value9,0.0
value10,0.0
value11,0.0
value13,0.0
value30,0.0
value16,0.0
value17,0.0
value21,0.0
value22,0.0
value23,0.0
value24,0.0
value25,0.0
value28,0.0
value29,0.0
value64,0.0
value67,0.0
value124,0.0
value111,0.0
value95,0.0
value97,0.0
value99,0.0
value101,0.0
value102,0.0
value104,0.0
value105,0.0
value108,0.0
value110,0.0
value113,0.0
value92,0.0
value114,0.0
value115,0.0
value116,0.0
value117,0.0
value118,0.0
value119,0.0
value121,0.0
value122,0.0
value123,0.0
value93,0.0
value91,0.0
value68,0.0
value79,0.0
value69,0.0
value70,0.0
value71,0.0
value72,0.0
value73,0.0
value75,0.0
value76,0.0
value77,0.0
value78,0.0
value80,0.0
value90,0.0
value81,0.0
value82,0.0
value83,0.0
value84,0.0
value85,0.0
value86,0.0
value87,0.0
value88,0.0
value89,0.0
value253,0.0
value255,0.0
value256,0.0
value414,0.0
value404,0.0
value406,0.0
value407,0.0
value408,0.0
value409,0.0
value410,0.0
value411,0.0
value412,0.0
value413,0.0
value415,0.0
value402,0.0
value416,0.0
value418,0.0
value419,0.0
value422,0.0
value424,0.0
value426,0.0
value428,0.0
value429,0.0
value430,0.0
value403,0.0
value401,0.0
value435,0.0
value384,0.0
value373,0.0
value374,0.0
value375,0.0
value376,0.0
value378,0.0
value379,0.0
value380,0.0
value382,0.0
value383,0.0
value386,0.0
value400,0.0
value387,0.0
value388,0.0
value389,0.0
value391,0.0
value392,0.0
value395,0.0
value396,0.0
value398,0.0
value399,0.0
value433,0.0
value438,0.0
value257,0.0
value498,0.0
value489,0.0
value490,0.0
value491,0.0
value492,0.0
value493,0.0
value494,0.0
value495,0.0
value496,0.0
value497,0.0
value499,0.0
value486,0.0
value500,0.0
value501,0.0
value502,0.0
value503,0.0
value505,0.0
value506,0.0
value507,0.0
value508,0.0
value509,0.0
value488,0.0
value485,0.0
value441,0.0
value462,0.0
value444,0.0
value448,0.0
value449,0.0
value450,0.0
value451,0.0
value454,0.0
value457,0.0
value459,0.0
value460,0.0
value463,0.0
value484,0.0
value465,0.0
value469,0.0
value470,0.0
value471,0.0
value474,0.0
value479,0.0
value481,0.0
value482,0.0
value483,0.0
value372,0.0
value371,0.0
value370,0.0
value301,0.0
value288,0.0
value290,0.0
value292,0.0
value293,0.0
value294,0.0
value296,0.0
value297,0.0
value298,0.0
value299,0.0
value302,0.0
value285,0.0
value303,0.0
value305,0.0
value308,0.0
value310,0.0
value311,0.0
value312,0.0
value313,0.0
value314,0.0
value315,0.0
value287,0.0
value284,0.0
value369,0.0
value270,0.0
value258,0.0
value259,0.0
value260,0.0
value261,0.0
value263,0.0
value265,0.0
value267,0.0
value268,0.0
value269,0.0
value271,0.0
value283,0.0
value272,0.0
value273,0.0
value274,0.0
value275,0.0
value277,0.0
value278,0.0
value279,0.0
value280,0.0
value281,0.0
value316,0.0
value319,0.0
value320,0.0
value355,0.0
value346,0.0
value347,0.0
value348,0.0
value349,0.0
value350,0.0
value351,0.0
value352,0.0
value353,0.0
value354,0.0
value356,0.0
value321,0.0
value357,0.0
value359,0.0
value361,0.0
value362,0.0
value363,0.0
value364,0.0
value365,0.0
value367,0.0
value368,0.0
value345,0.0
value344,0.0
value343,0.0
value342,0.0
value322,0.0
value323,0.0
value324,0.0
value325,0.0
value326,0.0
value327,0.0
value328,0.0
value329,0.0
value330,0.0
value331,0.0
value332,0.0
value333,0.0
value335,0.0
value336,0.0
value337,0.0
value338,0.0
value339,0.0
value340,0.0
value341,0.0
value895,0.0
