id,prob_is_fake,y_pred,y_true
9,0.48754954,0,1.0
32,0.48754954,0,1.0
76,0.48754954,0,1.0
177,0.48754954,0,1.0
180,0.48754954,0,1.0
216,0.50465393,1,1.0
228,0.50465393,1,1.0
229,0.50465393,1,1.0
244,0.48754954,0,1.0
339,0.50465393,1,1.0
343,0.48754954,0,1.0
353,0.48754954,0,1.0
376,0.50465393,1,1.0
402,0.48754954,0,1.0
500,0.48754954,0,1.0
566,0.48754954,0,1.0
582,0.50465393,1,1.0
607,0.48754954,0,1.0
618,0.48754954,0,1.0
687,0.50465393,1,1.0
699,0.48754954,0,1.0
755,0.50465393,1,1.0
763,0.50465393,1,1.0
789,0.50465393,1,1.0
803,0.48754954,0,1.0
840,0.50465393,1,1.0
842,0.48754954,0,1.0
887,0.48754954,0,1.0
915,0.48754954,0,1.0
940,0.48754954,0,1.0
990,0.48754954,0,1.0
1013,0.48754954,0,1.0
1038,0.48754954,0,1.0
1072,0.48754954,0,1.0
1091,0.48754954,0,1.0
1210,0.50465393,1,1.0
1233,0.50465393,1,1.0
1274,0.50465393,1,1.0
1414,0.48754954,0,1.0
1447,0.50465393,1,1.0
1463,0.48754954,0,1.0
1468,0.7900512,1,1.0
1483,0.50465393,1,1.0
1542,0.50465393,1,1.0
1549,0.48754954,0,1.0
1552,0.50465393,1,1.0
1566,0.48754954,0,1.0
1611,0.48754954,0,1.0
1614,0.48754954,0,1.0
1617,0.50465393,1,1.0
1620,0.48754954,0,1.0
1642,0.50465393,1,1.0
1643,0.50465393,1,1.0
1704,0.48754954,0,1.0
1717,0.48754954,0,1.0
1749,0.48754954,0,1.0
1759,0.50465393,1,1.0
1760,0.50465393,1,1.0
1774,0.50465393,1,1.0
1786,0.50465393,1,1.0
1790,0.50465393,1,1.0
1821,0.50465393,1,1.0
1831,0.50465393,1,1.0
1832,0.48754954,0,1.0
1852,0.48754954,0,1.0
1880,0.48754954,0,1.0
1887,0.48754954,0,1.0
1891,0.50465393,1,1.0
1906,0.48754954,0,1.0
1939,0.48754954,0,1.0
2010,0.50465393,1,1.0
2137,0.48754954,0,1.0
2215,0.50465393,1,1.0
2217,0.50465393,1,1.0
2218,0.50465393,1,1.0
2229,0.50465393,1,1.0
2255,0.50465393,1,1.0
2260,0.48754954,0,1.0
2277,0.48754954,0,1.0
2278,0.48754954,0,1.0
2285,0.48754954,0,1.0
2287,0.48754954,0,1.0
2311,0.48754954,0,1.0
2312,0.48754954,0,1.0
2325,0.48754954,0,1.0
2332,0.48754954,0,1.0
2338,0.48754954,0,1.0
2344,0.48754954,0,1.0
2382,0.48754954,0,1.0
2386,0.7900512,1,1.0
2417,0.48754954,0,1.0
2471,0.48754954,0,1.0
2525,0.48754954,0,1.0
2567,0.50465393,1,1.0
2644,0.48754954,0,1.0
2685,0.48754954,0,1.0
2701,0.48754954,0,1.0
2727,0.48754954,0,1.0
2747,0.48754954,0,1.0
2757,0.48754954,0,1.0
2762,0.50465393,1,1.0
2769,0.50465393,1,1.0
2787,0.48754954,0,1.0
2797,0.50465393,1,1.0
2803,0.50465393,1,1.0
2819,0.48754954,0,1.0
2821,0.48754954,0,1.0
2898,0.48754954,0,1.0
2908,0.48754954,0,1.0
2920,0.48754954,0,1.0
2934,0.48754954,0,1.0
2935,0.48754954,0,1.0
2936,0.48754954,0,1.0
2979,0.48754954,0,1.0
3012,0.50465393,1,1.0
3013,0.50465393,1,1.0
3022,0.48754954,0,1.0
3029,0.48754954,0,1.0
3110,0.48754954,0,1.0
3153,0.50465393,1,1.0
3154,0.50465393,1,1.0
3177,0.50465393,1,1.0
3187,0.50465393,1,1.0
3188,0.50465393,1,1.0
3213,0.50465393,1,1.0
3219,0.48754954,0,1.0
3226,0.50465393,1,1.0
3227,0.50465393,1,1.0
3262,0.48754954,0,1.0
3339,0.50465393,1,1.0
3352,0.50465393,1,1.0
3426,0.50465393,1,1.0
3434,0.50465393,1,1.0
3527,0.50465393,1,1.0
3537,0.48754954,0,1.0
3557,0.50465393,1,1.0
3568,0.50465393,1,1.0
3577,0.50465393,1,1.0
3590,0.50465393,1,1.0
3629,0.50465393,1,1.0
3635,0.50465393,1,1.0
3642,0.50465393,1,1.0
3655,0.50465393,1,1.0
3661,0.50465393,1,1.0
3665,0.50465393,1,1.0
3667,0.50465393,1,1.0
3689,0.50465393,1,1.0
3701,0.50465393,1,1.0
3705,0.50465393,1,1.0
3706,0.50465393,1,1.0
3708,0.50465393,1,1.0
3716,0.50465393,1,1.0
3731,0.50465393,1,1.0
3761,0.50465393,1,1.0
3762,0.50465393,1,1.0
3893,0.7900512,1,1.0
3912,0.50465393,1,1.0
3916,0.50465393,1,1.0
3932,0.50465393,1,1.0
3958,0.50465393,1,1.0
3959,0.50465393,1,1.0
3962,0.50465393,1,1.0
3964,0.48754954,0,1.0
3978,0.50465393,1,1.0
4001,0.50465393,1,1.0
4029,0.50465393,1,1.0
4078,0.50465393,1,1.0
4125,0.50465393,1,1.0
4175,0.50465393,1,1.0
4178,0.48754954,0,1.0
4181,0.50465393,1,1.0
4199,0.50465393,1,1.0
4203,0.50465393,1,1.0
4213,0.7900512,1,1.0
4244,0.50465393,1,1.0
4253,0.50465393,1,1.0
4390,0.50465393,1,1.0
4420,0.50465393,1,1.0
4425,0.50465393,1,1.0
4436,0.50465393,1,1.0
4479,0.48754954,0,1.0
4536,0.50465393,1,1.0
4538,0.50465393,1,1.0
4575,0.50465393,1,1.0
4579,0.7900512,1,1.0
4588,0.48754954,0,1.0
4611,0.50465393,1,1.0
4661,0.50465393,1,1.0
4665,0.50465393,1,1.0
4689,0.48754954,0,1.0
4697,0.50465393,1,1.0
4744,0.7900512,1,1.0
4748,0.50465393,1,1.0
4754,0.50465393,1,1.0
4769,0.7900512,1,1.0
4775,0.50465393,1,1.0
4790,0.50465393,1,1.0
4807,0.50465393,1,1.0
4867,0.50465393,1,1.0
4892,0.48754954,0,1.0
4899,0.50465393,1,1.0
4912,0.48754954,0,1.0
4920,0.48754954,0,1.0
4933,0.50465393,1,1.0
4943,0.48754954,0,1.0
4970,0.50465393,1,1.0
5045,0.7900512,1,1.0
5056,0.48754954,0,1.0
5058,0.7900512,1,1.0
5075,0.50465393,1,1.0
5080,0.7900512,1,1.0
5090,0.50465393,1,1.0
5131,0.50465393,1,1.0
5161,0.50465393,1,1.0
5173,0.50465393,1,1.0
5181,0.48754954,0,1.0
5184,0.7900512,1,1.0
5207,0.50465393,1,1.0
5239,0.50465393,1,1.0
5252,0.50465393,1,1.0
5260,0.50465393,1,1.0
5326,0.48754954,0,1.0
5366,0.7900512,1,1.0
5405,0.50465393,1,1.0
5433,0.50465393,1,1.0
5443,0.50465393,1,1.0
5492,0.50465393,1,1.0
5501,0.50465393,1,1.0
5511,0.50465393,1,1.0
5528,0.50465393,1,1.0
5542,0.7900512,1,1.0
5543,0.48754954,0,1.0
5549,0.50465393,1,1.0
5631,0.50465393,1,1.0
5645,0.50465393,1,1.0
5662,0.48754954,0,1.0
5683,0.50465393,1,1.0
5764,0.50465393,1,1.0
5779,0.50465393,1,1.0
5847,0.50465393,1,1.0
5850,0.48754954,0,1.0
5898,0.50465393,1,1.0
5909,0.50465393,1,1.0
5911,0.7900512,1,1.0
5914,0.50465393,1,1.0
5918,0.50465393,1,1.0
5922,0.50465393,1,1.0
6008,0.7900512,1,1.0
6030,0.50465393,1,1.0
6039,0.7900512,1,1.0
6042,0.50465393,1,1.0
6058,0.50465393,1,1.0
6101,0.7900512,1,1.0
6133,0.7900512,1,1.0
6134,0.50465393,1,1.0
6172,0.48754954,0,1.0
6236,0.50465393,1,1.0
6247,0.50465393,1,1.0
6252,0.50465393,1,1.0
6264,0.50465393,1,1.0
6273,0.50465393,1,1.0
6300,0.50465393,1,1.0
6328,0.48754954,0,1.0
6349,0.7900512,1,1.0
6420,0.7900512,1,1.0
6424,0.50465393,1,1.0
6491,0.7900512,1,1.0
6511,0.50465393,1,1.0
6545,0.50465393,1,1.0
6555,0.50465393,1,1.0
6585,0.48754954,0,1.0
6589,0.50465393,1,1.0
6603,0.50465393,1,1.0
6666,0.50465393,1,1.0
6678,0.50465393,1,1.0
6692,0.50465393,1,1.0
6720,0.50465393,1,1.0
6749,0.50465393,1,1.0
6822,0.50465393,1,1.0
6838,0.50465393,1,1.0
6862,0.7900512,1,1.0
6863,0.50465393,1,1.0
6880,0.7900512,1,1.0
6925,0.50465393,1,1.0
6945,0.50465393,1,1.0
6964,0.50465393,1,1.0
7038,0.50465393,1,1.0
7092,0.7900512,1,1.0
7098,0.7900512,1,1.0
7130,0.7900512,1,1.0
7166,0.50465393,1,1.0
7218,0.50465393,1,1.0
7239,0.50465393,1,1.0
7241,0.7900512,1,1.0
7261,0.50465393,1,1.0
7288,0.50465393,1,1.0
7291,0.7900512,1,1.0
7317,0.50465393,1,1.0
7347,0.50465393,1,1.0
7381,0.50465393,1,1.0
7412,0.48754954,0,1.0
7433,0.50465393,1,1.0
7451,0.50465393,1,1.0
7470,0.7900512,1,1.0
7485,0.50465393,1,1.0
7486,0.50465393,1,1.0
7513,0.50465393,1,1.0
7533,0.50465393,1,1.0
7550,0.50465393,1,1.0
7563,0.50465393,1,1.0
7593,0.48754954,0,1.0
7633,0.50465393,1,1.0
7711,0.50465393,1,1.0
7760,0.50465393,1,1.0
7859,0.50465393,1,1.0
7869,0.50465393,1,1.0
7894,0.50465393,1,1.0
7927,0.50465393,1,1.0
7931,0.50465393,1,1.0
7959,0.50465393,1,1.0
8001,0.50465393,1,1.0
8005,0.50465393,1,1.0
8056,0.50465393,1,1.0
8078,0.50465393,1,1.0
8102,0.50465393,1,1.0
8107,0.50465393,1,1.0
8147,0.01667678,0,1.0
8177,0.50465393,1,1.0
8180,0.50465393,1,1.0
8191,0.50465393,1,1.0
8217,0.50465393,1,1.0
8222,0.50465393,1,1.0
8228,0.50465393,1,1.0
8233,0.50465393,1,1.0
8235,0.50465393,1,1.0
8255,0.50465393,1,1.0
8280,0.50465393,1,1.0
8281,0.50465393,1,1.0
8332,0.50465393,1,1.0
8336,0.50465393,1,1.0
8364,0.50465393,1,1.0
8368,0.50465393,1,1.0
8374,0.50465393,1,1.0
8375,0.50465393,1,1.0
8378,0.50465393,1,1.0
8379,0.50465393,1,1.0
8403,0.50465393,1,1.0
8404,0.50465393,1,1.0
8412,0.50465393,1,1.0
8454,0.50465393,1,1.0
8471,0.50465393,1,1.0
8476,0.48754954,0,1.0
8522,0.50465393,1,1.0
8539,0.50465393,1,1.0
8546,0.50465393,1,1.0
8548,0.50465393,1,1.0
8566,0.50465393,1,1.0
8576,0.50465393,1,1.0
8601,0.50465393,1,1.0
8614,0.50465393,1,1.0
8625,0.50465393,1,1.0
8665,0.50465393,1,1.0
8683,0.48754954,0,1.0
8696,0.50465393,1,1.0
8755,0.48754954,0,1.0
8773,0.50465393,1,1.0
8787,0.50465393,1,1.0
8789,0.50465393,1,1.0
8796,0.48754954,0,1.0
8822,0.50465393,1,1.0
8823,0.50465393,1,1.0
8850,0.50465393,1,1.0
8852,0.50465393,1,1.0
8890,0.50465393,1,1.0
8916,0.50465393,1,1.0
8929,0.50465393,1,1.0
8988,0.50465393,1,1.0
9078,0.50465393,1,1.0
9095,0.50465393,1,1.0
9103,0.50465393,1,1.0
9168,0.50465393,1,1.0
9171,0.50465393,1,1.0
9181,0.50465393,1,1.0
9196,0.50465393,1,1.0
9206,0.50465393,1,1.0
9226,0.50465393,1,1.0
9253,0.50465393,1,1.0
9260,0.50465393,1,1.0
9276,0.50465393,1,1.0
9277,0.50465393,1,1.0
9285,0.50465393,1,1.0
9296,0.50465393,1,1.0
9345,0.50465393,1,1.0
9347,0.7900512,1,1.0
9363,0.50465393,1,1.0
9414,0.48754954,0,1.0
9428,0.50465393,1,1.0
9431,0.50465393,1,1.0
9444,0.7900512,1,1.0
9456,0.50465393,1,1.0
9515,0.50465393,1,1.0
9558,0.50465393,1,1.0
9567,0.50465393,1,1.0
9590,0.50465393,1,1.0
9601,0.50465393,1,1.0
9619,0.50465393,1,1.0
9637,0.50465393,1,1.0
9638,0.50465393,1,1.0
9655,0.50465393,1,1.0
9696,0.50465393,1,1.0
9732,0.48754954,0,1.0
9745,0.50465393,1,1.0
9746,0.7900512,1,1.0
9773,0.50465393,1,1.0
9779,0.50465393,1,1.0
9809,0.50465393,1,1.0
9835,0.50465393,1,1.0
9885,0.50465393,1,1.0
9914,0.50465393,1,1.0
9936,0.48754954,0,1.0
9946,0.48754954,0,1.0
9951,0.79992735,1,1.0
9953,0.48754954,0,1.0
9985,0.48754954,0,1.0
9988,0.48754954,0,1.0
10000,0.48754954,0,1.0
10035,0.48754954,0,1.0
10067,0.79992735,1,1.0
10069,0.48754954,0,1.0
10083,0.50465393,1,1.0
10110,0.48754954,0,1.0
10126,0.48754954,0,1.0
10161,0.50465393,1,1.0
10226,0.50465393,1,1.0
10268,0.50465393,1,1.0
10284,0.50465393,1,1.0
10333,0.50465393,1,1.0
10356,0.50465393,1,1.0
10373,0.50465393,1,1.0
10385,0.50465393,1,1.0
10452,0.48754954,0,1.0
10515,0.50465393,1,1.0
10516,0.50465393,1,1.0
10579,0.7900512,1,1.0
10584,0.48754954,0,1.0
10616,0.48754954,0,1.0
10723,0.48754954,0,1.0
10750,0.48754954,0,1.0
10790,0.48754954,0,1.0
10804,0.48754954,0,1.0
10828,0.50465393,1,1.0
10841,0.48754954,0,1.0
10857,0.50465393,1,1.0
10863,0.50465393,1,1.0
10893,0.48754954,0,1.0
10898,0.48754954,0,1.0
10911,0.48754954,0,1.0
11004,0.48754954,0,1.0
11148,0.48754954,0,1.0
11160,0.7900512,1,1.0
11248,0.50465393,1,1.0
11254,0.48754954,0,1.0
11299,0.48754954,0,1.0
11347,0.48754954,0,1.0
11376,0.48754954,0,1.0
11386,0.50465393,1,1.0
11431,0.48754954,0,1.0
11453,0.7900512,1,1.0
11457,0.50465393,1,1.0
11462,0.48754954,0,1.0
11464,0.50465393,1,1.0
11494,0.48754954,0,1.0
11502,0.48754954,0,1.0
11518,0.48754954,0,1.0
11580,0.48754954,0,1.0
11584,0.48754954,0,1.0
11723,0.48754954,0,1.0
11730,0.48754954,0,1.0
11738,0.48754954,0,1.0
11745,0.50465393,1,1.0
11790,0.48754954,0,1.0
11831,0.50465393,1,1.0
11841,0.50465393,1,1.0
11854,0.50465393,1,1.0
11877,0.50465393,1,1.0
11889,0.48754954,0,1.0
11924,0.50465393,1,1.0
11927,0.48754954,0,1.0
11935,0.48754954,0,1.0
11994,0.50465393,1,1.0
12009,0.48754954,0,1.0
12059,0.48754954,0,1.0
12083,0.50465393,1,1.0
12125,0.50465393,1,1.0
12132,0.48754954,0,1.0
12229,0.50465393,1,1.0
12231,0.50465393,1,1.0
12280,0.48754954,0,1.0
12326,0.48754954,0,1.0
12351,0.50465393,1,1.0
12366,0.50465393,1,1.0
12378,0.48754954,0,1.0
12418,0.50465393,1,1.0
12456,0.50465393,1,1.0
12482,0.48754954,0,1.0
12499,0.50465393,1,1.0
12577,0.48754954,0,1.0
12608,0.48754954,0,1.0
12643,0.48754954,0,1.0
12662,0.48754954,0,1.0
12719,0.48754954,0,1.0
12721,0.48754954,0,1.0
12775,0.48754954,0,1.0
12825,0.48754954,0,1.0
12828,0.48754954,0,1.0
12928,0.50465393,1,1.0
12937,0.48754954,0,1.0
12955,0.48754954,0,1.0
12995,0.48754954,0,1.0
13022,0.48754954,0,1.0
13054,0.48754954,0,1.0
13079,0.48754954,0,1.0
13113,0.48754954,0,1.0
13156,0.48754954,0,1.0
13168,0.50465393,1,1.0
13181,0.48754954,0,1.0
13188,0.48754954,0,1.0
13198,0.48754954,0,1.0
13237,0.48754954,0,1.0
13358,0.50465393,1,1.0
13417,0.48754954,0,1.0
13427,0.50465393,1,1.0
13483,0.48754954,0,1.0
13544,0.50465393,1,1.0
13567,0.50465393,1,1.0
13614,0.48754954,0,1.0
13639,0.48754954,0,1.0
13656,0.50465393,1,1.0
13690,0.50465393,1,1.0
13755,0.48754954,0,1.0
13768,0.50465393,1,1.0
13842,0.48754954,0,1.0
13925,0.48754954,0,1.0
13946,0.50465393,1,1.0
13952,0.48754954,0,1.0
13961,0.50465393,1,1.0
13965,0.50465393,1,1.0
13982,0.50465393,1,1.0
13983,0.50465393,1,1.0
14034,0.50465393,1,1.0
14050,0.48754954,0,1.0
14052,0.50465393,1,1.0
14065,0.48754954,0,1.0
14071,0.48754954,0,1.0
14072,0.48754954,0,1.0
14158,0.48754954,0,1.0
14189,0.50465393,1,1.0
14236,0.48754954,0,1.0
14259,0.48754954,0,1.0
14262,0.48754954,0,1.0
14276,0.48754954,0,1.0
14284,0.48754954,0,1.0
14302,0.48754954,0,1.0
14303,0.50465393,1,1.0
14340,0.48754954,0,1.0
14347,0.50465393,1,1.0
14370,0.50465393,1,1.0
14402,0.48754954,0,1.0
14420,0.48754954,0,1.0
14421,0.50465393,1,1.0
14461,0.48754954,0,1.0
14473,0.48754954,0,1.0
14475,0.50465393,1,1.0
14482,0.48754954,0,1.0
14490,0.48754954,0,1.0
14545,0.48754954,0,1.0
14551,0.48754954,0,1.0
14556,0.48754954,0,1.0
14573,0.48754954,0,1.0
14595,0.50465393,1,1.0
14610,0.48754954,0,1.0
14626,0.50465393,1,1.0
14712,0.7900512,1,1.0
14738,0.48754954,0,1.0
14775,0.48754954,0,1.0
14788,0.48754954,0,1.0
14800,0.48754954,0,1.0
14807,0.48754954,0,1.0
14811,0.50465393,1,1.0
14832,0.50465393,1,1.0
14882,0.48754954,0,1.0
14910,0.48754954,0,1.0
14935,0.50465393,1,1.0
14955,0.50465393,1,1.0
14965,0.48754954,0,1.0
14975,0.50465393,1,1.0
15019,0.50465393,1,1.0
15039,0.50465393,1,1.0
15041,0.48754954,0,1.0
15044,0.50465393,1,1.0
15046,0.48754954,0,1.0
15092,0.48754954,0,1.0
15113,0.48754954,0,1.0
15120,0.48754954,0,1.0
15270,0.48754954,0,1.0
15274,0.50465393,1,1.0
15288,0.48754954,0,1.0
15361,0.48754954,0,1.0
15368,0.48754954,0,1.0
15444,0.48754954,0,1.0
15451,0.48754954,0,1.0
15463,0.48754954,0,1.0
15517,0.50465393,1,1.0
15533,0.50465393,1,1.0
15541,0.48754954,0,1.0
15588,0.50465393,1,1.0
15602,0.50465393,1,1.0
15605,0.50465393,1,1.0
15608,0.48754954,0,1.0
15616,0.50465393,1,1.0
15619,0.48754954,0,1.0
15629,0.48754954,0,1.0
15636,0.50465393,1,1.0
15696,0.50465393,1,1.0
15701,0.50465393,1,1.0
15707,0.50465393,1,1.0
15720,0.7900512,1,1.0
15738,0.48754954,0,1.0
15742,0.50465393,1,1.0
15771,0.48754954,0,1.0
15801,0.50465393,1,1.0
15814,0.48754954,0,1.0
15817,0.48754954,0,1.0
15846,0.48754954,0,1.0
15864,0.48754954,0,1.0
15872,0.48754954,0,1.0
15882,0.48754954,0,1.0
15941,0.48754954,0,1.0
15970,0.48754954,0,1.0
15976,0.50465393,1,1.0
16012,0.48754954,0,1.0
16025,0.48754954,0,1.0
16027,0.48754954,0,1.0
16051,0.48754954,0,1.0
16054,0.48754954,0,1.0
16067,0.48754954,0,1.0
16068,0.48754954,0,1.0
16150,0.48754954,0,1.0
16151,0.50465393,1,1.0
16177,0.50465393,1,1.0
16180,0.48754954,0,1.0
16194,0.48754954,0,1.0
16211,0.50465393,1,1.0
16240,0.50465393,1,1.0
16247,0.48754954,0,1.0
16299,0.48754954,0,1.0
16334,0.48754954,0,1.0
16343,0.48754954,0,1.0
16345,0.50465393,1,1.0
16380,0.50465393,1,1.0
16448,0.48754954,0,1.0
16453,0.48754954,0,1.0
16476,0.48754954,0,1.0
16488,0.48754954,0,1.0
16499,0.48754954,0,1.0
16521,0.48754954,0,1.0
16563,0.48754954,0,1.0
16608,0.7900512,1,1.0
16761,0.50465393,1,1.0
16764,0.48754954,0,1.0
16803,0.48754954,0,1.0
16804,0.48754954,0,1.0
16816,0.50465393,1,1.0
16821,0.48754954,0,1.0
16860,0.48754954,0,1.0
16875,0.50465393,1,1.0
16876,0.48754954,0,1.0
16897,0.50465393,1,1.0
16932,0.50465393,1,1.0
16943,0.50465393,1,1.0
16962,0.50465393,1,1.0
16970,0.50465393,1,1.0
16978,0.48754954,0,1.0
17006,0.48754954,0,1.0
17012,0.48754954,0,1.0
17042,0.50465393,1,1.0
17077,0.50465393,1,1.0
17084,0.50465393,1,1.0
17097,0.50465393,1,1.0
17106,0.50465393,1,1.0
17134,0.48754954,0,1.0
17138,0.50465393,1,1.0
17189,0.48754954,0,1.0
17191,0.48754954,0,1.0
17277,0.48754954,0,1.0
17297,0.50465393,1,1.0
17306,0.50465393,1,1.0
17323,0.50465393,1,1.0
17371,0.50465393,1,1.0
17433,0.48754954,0,1.0
17463,0.48754954,0,1.0
17489,0.50465393,1,1.0
17493,0.48754954,0,1.0
17565,0.48754954,0,1.0
17582,0.48754954,0,1.0
17620,0.50465393,1,1.0
17659,0.50465393,1,1.0
17683,0.50465393,1,1.0
17691,0.48754954,0,1.0
17735,0.48754954,0,1.0
17750,0.48754954,0,1.0
17784,0.48754954,0,1.0
17795,0.48754954,0,1.0
17832,0.48754954,0,1.0
17855,0.48754954,0,1.0
17889,0.48754954,0,1.0
17948,0.50465393,1,1.0
17959,0.48754954,0,1.0
18031,0.48754954,0,1.0
18050,0.48754954,0,1.0
18053,0.48754954,0,1.0
18063,0.48754954,0,1.0
18182,0.50465393,1,1.0
18189,0.79992735,1,1.0
18232,0.48754954,0,1.0
18256,0.48754954,0,1.0
18261,0.48754954,0,1.0
18281,0.48754954,0,1.0
18303,0.48754954,0,1.0
18308,0.48754954,0,1.0
18327,0.48754954,0,1.0
18340,0.48754954,0,1.0
18361,0.50465393,1,1.0
18395,0.48754954,0,1.0
18417,0.50465393,1,1.0
18431,0.48754954,0,1.0
18495,0.48754954,0,1.0
18524,0.48754954,0,1.0
a,0.50465393,1,0.0
b,0.50465393,1,0.0
c,0.48754954,0,0.0
d,0.50465393,1,0.0
e,0.48754954,0,0.0
f,0.48754954,0,0.0
g,0.50465393,1,0.0
h,0.48754954,0,0.0
i,0.48754954,0,0.0
j,0.01667678,0,0.0
k,0.48754954,0,0.0
l,0.48754954,0,0.0
m,0.48754954,0,0.0
n,0.01667678,0,0.0
o,0.50465393,1,0.0
p,0.50465393,1,0.0
q,0.48754954,0,0.0
r,0.48754954,0,0.0
s,0.48754954,0,0.0
t,0.48754954,0,0.0
u,0.50465393,1,0.0
v,0.48754954,0,0.0
w,0.48754954,0,0.0
x,0.48754954,0,0.0
y,0.50465393,1,0.0
z,0.50465393,1,0.0
A,0.48754954,0,0.0
B,0.48754954,0,0.0
C,0.48754954,0,0.0
D,0.50465393,1,0.0
E,0.01667678,0,0.0
F,0.7900512,1,0.0
G,0.50465393,1,0.0
H,0.50465393,1,0.0
I,0.50465393,1,0.0
J,0.50465393,1,0.0
K,0.48754954,0,0.0
L,0.48754954,0,0.0
M,0.50465393,1,0.0
N,0.48754954,0,0.0
O,0.50465393,1,0.0
P,0.50465393,1,0.0
Q,0.50465393,1,0.0
R,0.50465393,1,0.0
S,0.50465393,1,0.0
T,0.48754954,0,0.0
U,0.50465393,1,0.0
V,0.48754954,0,0.0
W,0.7900512,1,0.0
X,0.50465393,1,0.0
Y,0.48754954,0,0.0
Z,0.01667678,0,0.0
aa,0.50465393,1,0.0
ab,0.7900512,1,0.0
ac,0.48754954,0,0.0
ad,0.48754954,0,0.0
ae,0.50465393,1,0.0
af,0.50465393,1,0.0
ag,0.50465393,1,0.0
ah,0.50465393,1,0.0
ai,0.50465393,1,0.0
aj,0.48754954,0,0.0
ak,0.50465393,1,0.0
al,0.48754954,0,0.0
am,0.7900512,1,0.0
an,0.50465393,1,0.0
ao,0.48754954,0,0.0
ap,0.48754954,0,0.0
aq,0.48754954,0,0.0
ar,0.48754954,0,0.0
as,0.48754954,0,0.0
at,0.48754954,0,0.0
au,0.48754954,0,0.0
av,0.48754954,0,0.0
aw,0.48754954,0,0.0
ax,0.50465393,1,0.0
ay,0.50465393,1,0.0
az,0.50465393,1,0.0
aA,0.48754954,0,0.0
aB,0.79992735,1,0.0
aC,0.7900512,1,0.0
aD,0.50465393,1,0.0
aE,0.48754954,0,0.0
aF,0.50465393,1,0.0
aG,0.7900512,1,0.0
aH,0.50465393,1,0.0
aI,0.50465393,1,0.0
aJ,0.48754954,0,0.0
aK,0.50465393,1,0.0
aL,0.48754954,0,0.0
aM,0.50465393,1,0.0
aN,0.48754954,0,0.0
aO,0.48754954,0,0.0
aP,0.48754954,0,0.0
aQ,0.50465393,1,0.0
aR,0.50465393,1,0.0
aS,0.48754954,0,0.0
aT,0.50465393,1,0.0
aU,0.48754954,0,0.0
aV,0.50465393,1,0.0
aW,0.48754954,0,0.0
aX,0.50465393,1,0.0
aY,0.50465393,1,0.0
aZ,0.50465393,1,0.0
ba,0.48754954,0,0.0
bb,0.48754954,0,0.0
bc,0.48754954,0,0.0
bd,0.48754954,0,0.0
be,0.48754954,0,0.0
bf,0.48754954,0,0.0
bg,0.50465393,1,0.0
bh,0.50465393,1,0.0
bi,0.48754954,0,0.0
bj,0.48754954,0,0.0
bk,0.50465393,1,0.0
bl,0.7900512,1,0.0
bm,0.48754954,0,0.0
bn,0.48754954,0,0.0
bo,0.50465393,1,0.0
bp,0.48754954,0,0.0
bq,0.50465393,1,0.0
br,0.48754954,0,0.0
bs,0.50465393,1,0.0
bt,0.48754954,0,0.0
bu,0.48754954,0,0.0
bv,0.50465393,1,0.0
bw,0.50465393,1,0.0
bx,0.50465393,1,0.0
by,0.48754954,0,0.0
bz,0.48754954,0,0.0
bA,0.48754954,0,0.0
bB,0.48754954,0,0.0
bC,0.48754954,0,0.0
bD,0.50465393,1,0.0
bE,0.48754954,0,0.0
bF,0.48754954,0,0.0
bG,0.48754954,0,0.0
bH,0.48754954,0,0.0
bI,0.48754954,0,0.0
bJ,0.48754954,0,0.0
bK,0.50465393,1,0.0
bL,0.48754954,0,0.0
bM,0.50465393,1,0.0
bN,0.48754954,0,0.0
bO,0.50465393,1,0.0
bP,0.48754954,0,0.0
bQ,0.48754954,0,0.0
bR,0.01667678,0,0.0
bS,0.48754954,0,0.0
bT,0.48754954,0,0.0
bU,0.48754954,0,0.0
bV,0.48754954,0,0.0
bW,0.48754954,0,0.0
bX,0.48754954,0,0.0
bY,0.50465393,1,0.0
bZ,0.48754954,0,0.0
ca,0.50465393,1,0.0
cb,0.48754954,0,0.0
cc,0.50465393,1,0.0
cd,0.48754954,0,0.0
ce,0.50465393,1,0.0
cf,0.7900512,1,0.0
cg,0.48754954,0,0.0
ch,0.50465393,1,0.0
ci,0.50465393,1,0.0
cj,0.50465393,1,0.0
ck,0.50465393,1,0.0
cl,0.50465393,1,0.0
cm,0.50465393,1,0.0
cn,0.48754954,0,0.0
co,0.50465393,1,0.0
cp,0.48754954,0,0.0
cq,0.50465393,1,0.0
cr,0.50465393,1,0.0
cs,0.48754954,0,0.0
ct,0.48754954,0,0.0
cu,0.7900512,1,0.0
cv,0.48754954,0,0.0
cw,0.50465393,1,0.0
cx,0.48754954,0,0.0
cy,0.50465393,1,0.0
cz,0.48754954,0,0.0
cA,0.50465393,1,0.0
cB,0.50465393,1,0.0
cC,0.48754954,0,0.0
cD,0.48754954,0,0.0
cE,0.48754954,0,0.0
cF,0.50465393,1,0.0
cG,0.48754954,0,0.0
cH,0.50465393,1,0.0
cI,0.48754954,0,0.0
cJ,0.50465393,1,0.0
cK,0.50465393,1,0.0
cL,0.48754954,0,0.0
cM,0.50465393,1,0.0
cN,0.50465393,1,0.0
cO,0.50465393,1,0.0
cP,0.48754954,0,0.0
cQ,0.48754954,0,0.0
cR,0.48754954,0,0.0
cS,0.50465393,1,0.0
cT,0.48754954,0,0.0
cU,0.50465393,1,0.0
cV,0.50465393,1,0.0
cW,0.48754954,0,0.0
cX,0.48754954,0,0.0
cY,0.50465393,1,0.0
cZ,0.48754954,0,0.0
da,0.50465393,1,0.0
db,0.48754954,0,0.0
dc,0.50465393,1,0.0
dd,0.50465393,1,0.0
de,0.79992735,1,0.0
df,0.48754954,0,0.0
dg,0.48754954,0,0.0
dh,0.50465393,1,0.0
di,0.48754954,0,0.0
dj,0.50465393,1,0.0
dk,0.48754954,0,0.0
dl,0.48754954,0,0.0
dm,0.48754954,0,0.0
dn,0.50465393,1,0.0
do,0.48754954,0,0.0
dp,0.50465393,1,0.0
dq,0.50465393,1,0.0
dr,0.48754954,0,0.0
ds,0.50465393,1,0.0
dt,0.50465393,1,0.0
du,0.50465393,1,0.0
dv,0.50465393,1,0.0
dw,0.50465393,1,0.0
dx,0.48754954,0,0.0
dy,0.50465393,1,0.0
dz,0.50465393,1,0.0
dA,0.48754954,0,0.0
dB,0.50465393,1,0.0
dC,0.50465393,1,0.0
dD,0.50465393,1,0.0
dE,0.50465393,1,0.0
dF,0.48754954,0,0.0
dG,0.48754954,0,0.0
dH,0.50465393,1,0.0
dI,0.50465393,1,0.0
dJ,0.50465393,1,0.0
dK,0.48754954,0,0.0
dL,0.50465393,1,0.0
dM,0.48754954,0,0.0
dN,0.48754954,0,0.0
dO,0.50465393,1,0.0
dP,0.48754954,0,0.0
dQ,0.50465393,1,0.0
dR,0.50465393,1,0.0
dS,0.50465393,1,0.0
dT,0.50465393,1,0.0
dU,0.48754954,0,0.0
dV,0.48754954,0,0.0
dW,0.50465393,1,0.0
dX,0.48754954,0,0.0
dY,0.50465393,1,0.0
dZ,0.50465393,1,0.0
ea,0.48754954,0,0.0
eb,0.48754954,0,0.0
ec,0.48754954,0,0.0
ed,0.48754954,0,0.0
ee,0.7900512,1,0.0
ef,0.50465393,1,0.0
eg,0.48754954,0,0.0
eh,0.01667678,0,0.0
ei,0.48754954,0,0.0
ej,0.50465393,1,0.0
ek,0.48754954,0,0.0
el,0.48754954,0,0.0
em,0.50465393,1,0.0
en,0.50465393,1,0.0
eo,0.48754954,0,0.0
ep,0.50465393,1,0.0
eq,0.50465393,1,0.0
er,0.50465393,1,0.0
es,0.48754954,0,0.0
et,0.50465393,1,0.0
eu,0.50465393,1,0.0
ev,0.48754954,0,0.0
ew,0.48754954,0,0.0
ex,0.48754954,0,0.0
ey,0.48754954,0,0.0
ez,0.48754954,0,0.0
eA,0.50465393,1,0.0
eB,0.50465393,1,0.0
eC,0.48754954,0,0.0
eD,0.48754954,0,0.0
eE,0.48754954,0,0.0
eF,0.50465393,1,0.0
eG,0.48754954,0,0.0
eH,0.48754954,0,0.0
eI,0.50465393,1,0.0
eJ,0.48754954,0,0.0
eK,0.48754954,0,0.0
eL,0.50465393,1,0.0
eM,0.50465393,1,0.0
eN,0.48754954,0,0.0
eO,0.50465393,1,0.0
eP,0.50465393,1,0.0
eQ,0.50465393,1,0.0
eR,0.48754954,0,0.0
eS,0.48754954,0,0.0
eT,0.50465393,1,0.0
eU,0.48754954,0,0.0
eV,0.50465393,1,0.0
eW,0.48754954,0,0.0
eX,0.48754954,0,0.0
eY,0.48754954,0,0.0
eZ,0.48754954,0,0.0
fa,0.50465393,1,0.0
fb,0.50465393,1,0.0
fc,0.50465393,1,0.0
fd,0.50465393,1,0.0
fe,0.48754954,0,0.0
ff,0.50465393,1,0.0
fg,0.48754954,0,0.0
fh,0.48754954,0,0.0
fi,0.48754954,0,0.0
fj,0.50465393,1,0.0
fk,0.50465393,1,0.0
fl,0.50465393,1,0.0
fm,0.48754954,0,0.0
fn,0.48754954,0,0.0
fo,0.50465393,1,0.0
fp,0.48754954,0,0.0
fq,0.48754954,0,0.0
fr,0.50465393,1,0.0
fs,0.50465393,1,0.0
ft,0.48754954,0,0.0
fu,0.50465393,1,0.0
fv,0.48754954,0,0.0
fw,0.48754954,0,0.0
fx,0.50465393,1,0.0
fy,0.50465393,1,0.0
fz,0.50465393,1,0.0
fA,0.50465393,1,0.0
fB,0.50465393,1,0.0
fC,0.48754954,0,0.0
fD,0.50465393,1,0.0
fE,0.50465393,1,0.0
fF,0.50465393,1,0.0
fG,0.50465393,1,0.0
fH,0.48754954,0,0.0
fI,0.48754954,0,0.0
fJ,0.50465393,1,0.0
fK,0.50465393,1,0.0
fL,0.50465393,1,0.0
fM,0.50465393,1,0.0
fN,0.50465393,1,0.0
fO,0.50465393,1,0.0
fP,0.50465393,1,0.0
fQ,0.50465393,1,0.0
fR,0.01667678,0,0.0
fS,0.50465393,1,0.0
fT,0.48754954,0,0.0
fU,0.50465393,1,0.0
fV,0.48754954,0,0.0
fW,0.50465393,1,0.0
fX,0.48754954,0,0.0
fY,0.50465393,1,0.0
fZ,0.48754954,0,0.0
ga,0.50465393,1,0.0
gb,0.48754954,0,0.0
gc,0.50465393,1,0.0
gd,0.50465393,1,0.0
ge,0.50465393,1,0.0
gf,0.48754954,0,0.0
gg,0.50465393,1,0.0
gh,0.50465393,1,0.0
gi,0.48754954,0,0.0
gj,0.48754954,0,0.0
gk,0.50465393,1,0.0
gl,0.48754954,0,0.0
gm,0.48754954,0,0.0
gn,0.50465393,1,0.0
go,0.48754954,0,0.0
gp,0.48754954,0,0.0
gq,0.48754954,0,0.0
gr,0.48754954,0,0.0
gs,0.48754954,0,0.0
gt,0.50465393,1,0.0
gu,0.48754954,0,0.0
gv,0.01667678,0,0.0
gw,0.50465393,1,0.0
gx,0.50465393,1,0.0
gy,0.48754954,0,0.0
gz,0.50465393,1,0.0
gA,0.50465393,1,0.0
gB,0.50465393,1,0.0
gC,0.48754954,0,0.0
gD,0.48754954,0,0.0
gE,0.48754954,0,0.0
gF,0.48754954,0,0.0
gG,0.50465393,1,0.0
gH,0.48754954,0,0.0
gI,0.50465393,1,0.0
gJ,0.50465393,1,0.0
gK,0.50465393,1,0.0
gL,0.48754954,0,0.0
gM,0.50465393,1,0.0
gN,0.48754954,0,0.0
gO,0.48754954,0,0.0
gP,0.50465393,1,0.0
gQ,0.50465393,1,0.0
gR,0.48754954,0,0.0
gS,0.50465393,1,0.0
gT,0.50465393,1,0.0
gU,0.50465393,1,0.0
gV,0.50465393,1,0.0
gW,0.50465393,1,0.0
gX,0.50465393,1,0.0
gY,0.50465393,1,0.0
gZ,0.48754954,0,0.0
ha,0.50465393,1,0.0
hb,0.48754954,0,0.0
hc,0.48754954,0,0.0
hd,0.48754954,0,0.0
he,0.50465393,1,0.0
hf,0.48754954,0,0.0
hg,0.48754954,0,0.0
hh,0.48754954,0,0.0
hi,0.50465393,1,0.0
hj,0.48754954,0,0.0
hk,0.50465393,1,0.0
hl,0.48754954,0,0.0
hm,0.48754954,0,0.0
hn,0.50465393,1,0.0
ho,0.48754954,0,0.0
hp,0.50465393,1,0.0
hq,0.50465393,1,0.0
hr,0.48754954,0,0.0
hs,0.48754954,0,0.0
ht,0.50465393,1,0.0
hu,0.50465393,1,0.0
hv,0.48754954,0,0.0
hw,0.50465393,1,0.0
hx,0.48754954,0,0.0
hy,0.50465393,1,0.0
hz,0.50465393,1,0.0
hA,0.50465393,1,0.0
hB,0.48754954,0,0.0
hC,0.48754954,0,0.0
hD,0.48754954,0,0.0
hE,0.50465393,1,0.0
hF,0.50465393,1,0.0
hG,0.50465393,1,0.0
hH,0.48754954,0,0.0
hI,0.48754954,0,0.0
hJ,0.48754954,0,0.0
hK,0.50465393,1,0.0
hL,0.48754954,0,0.0
hM,0.48754954,0,0.0
hN,0.48754954,0,0.0
hO,0.50465393,1,0.0
hP,0.48754954,0,0.0
hQ,0.48754954,0,0.0
hR,0.48754954,0,0.0
hS,0.48754954,0,0.0
hT,0.50465393,1,0.0
hU,0.48754954,0,0.0
hV,0.50465393,1,0.0
hW,0.50465393,1,0.0
hX,0.48754954,0,0.0
hY,0.50465393,1,0.0
hZ,0.48754954,0,0.0
ia,0.48754954,0,0.0
ib,0.48754954,0,0.0
ic,0.50465393,1,0.0
id,0.48754954,0,0.0
ie,0.48754954,0,0.0
if,0.50465393,1,0.0
ig,0.50465393,1,0.0
ih,0.50465393,1,0.0
ii,0.7900512,1,0.0
ij,0.01667678,0,0.0
ik,0.50465393,1,0.0
il,0.48754954,0,0.0
im,0.48754954,0,0.0
in,0.50465393,1,0.0
io,0.50465393,1,0.0
ip,0.50465393,1,0.0
iq,0.48754954,0,0.0
ir,0.48754954,0,0.0
is,0.48754954,0,0.0
it,0.50465393,1,0.0
iu,0.50465393,1,0.0
iv,0.50465393,1,0.0
iw,0.50465393,1,0.0
ix,0.50465393,1,0.0
iy,0.48754954,0,0.0
iz,0.50465393,1,0.0
iA,0.7900512,1,0.0
iB,0.48754954,0,0.0
iC,0.50465393,1,0.0
iD,0.48754954,0,0.0
iE,0.48754954,0,0.0
iF,0.48754954,0,0.0
iG,0.48754954,0,0.0
iH,0.48754954,0,0.0
iI,0.7900512,1,0.0
iJ,0.48754954,0,0.0
iK,0.48754954,0,0.0
iL,0.48754954,0,0.0
iM,0.48754954,0,0.0
iN,0.50465393,1,0.0
iO,0.48754954,0,0.0
iP,0.50465393,1,0.0
iQ,0.50465393,1,0.0
iR,0.48754954,0,0.0
iS,0.48754954,0,0.0
iT,0.50465393,1,0.0
iU,0.48754954,0,0.0
iV,0.48754954,0,0.0
iW,0.01667678,0,0.0
iX,0.50465393,1,0.0
iY,0.50465393,1,0.0
iZ,0.48754954,0,0.0
ja,0.7900512,1,0.0
jb,0.48754954,0,0.0
jc,0.48754954,0,0.0
jd,0.48754954,0,0.0
je,0.50465393,1,0.0
jf,0.50465393,1,0.0
jg,0.50465393,1,0.0
jh,0.50465393,1,0.0
ji,0.50465393,1,0.0
jj,0.50465393,1,0.0
jk,0.48754954,0,0.0
jl,0.48754954,0,0.0
jm,0.50465393,1,0.0
jn,0.48754954,0,0.0
jo,0.48754954,0,0.0
jp,0.48754954,0,0.0
jq,0.48754954,0,0.0
jr,0.50465393,1,0.0
js,0.50465393,1,0.0
jt,0.48754954,0,0.0
ju,0.50465393,1,0.0
jv,0.48754954,0,0.0
jw,0.50465393,1,0.0
jx,0.48754954,0,0.0
jy,0.48754954,0,0.0
jz,0.50465393,1,0.0
jA,0.50465393,1,0.0
jB,0.48754954,0,0.0
jC,0.50465393,1,0.0
jD,0.50465393,1,0.0
jE,0.48754954,0,0.0
jF,0.50465393,1,0.0
jG,0.50465393,1,0.0
jH,0.50465393,1,0.0
jI,0.48754954,0,0.0
jJ,0.48754954,0,0.0
jK,0.48754954,0,0.0
jL,0.50465393,1,0.0
jM,0.50465393,1,0.0
jN,0.50465393,1,0.0
jO,0.48754954,0,0.0
jP,0.50465393,1,0.0
jQ,0.48754954,0,0.0
jR,0.50465393,1,0.0
jS,0.48754954,0,0.0
jT,0.48754954,0,0.0
jU,0.48754954,0,0.0
jV,0.48754954,0,0.0
jW,0.48754954,0,0.0
jX,0.50465393,1,0.0
jY,0.48754954,0,0.0
jZ,0.50465393,1,0.0
ka,0.50465393,1,0.0
kb,0.48754954,0,0.0
kc,0.50465393,1,0.0
kd,0.48754954,0,0.0
ke,0.50465393,1,0.0
kf,0.50465393,1,0.0
kg,0.50465393,1,0.0
kh,0.48754954,0,0.0
ki,0.48754954,0,0.0
kj,0.48754954,0,0.0
kk,0.48754954,0,0.0
kl,0.50465393,1,0.0
km,0.48754954,0,0.0
kn,0.48754954,0,0.0
ko,0.50465393,1,0.0
kp,0.50465393,1,0.0
kq,0.48754954,0,0.0
kr,0.50465393,1,0.0
ks,0.48754954,0,0.0
kt,0.48754954,0,0.0
ku,0.50465393,1,0.0
kv,0.50465393,1,0.0
kw,0.48754954,0,0.0
kx,0.50465393,1,0.0
ky,0.50465393,1,0.0
kz,0.50465393,1,0.0
kA,0.50465393,1,0.0
kB,0.50465393,1,0.0
kC,0.01667678,0,0.0
kD,0.50465393,1,0.0
kE,0.48754954,0,0.0
kF,0.48754954,0,0.0
kG,0.48754954,0,0.0
kH,0.48754954,0,0.0
kI,0.48754954,0,0.0
kJ,0.50465393,1,0.0
kK,0.01667678,0,0.0
kL,0.48754954,0,0.0
kM,0.48754954,0,0.0
kN,0.50465393,1,0.0
kO,0.48754954,0,0.0
kP,0.48754954,0,0.0
kQ,0.50465393,1,0.0
kR,0.50465393,1,0.0
kS,0.50465393,1,0.0
kT,0.48754954,0,0.0
kU,0.50465393,1,0.0
kV,0.48754954,0,0.0
kW,0.48754954,0,0.0
kX,0.50465393,1,0.0
kY,0.48754954,0,0.0
kZ,0.48754954,0,0.0
la,0.48754954,0,0.0
lb,0.50465393,1,0.0
lc,0.50465393,1,0.0
ld,0.48754954,0,0.0
le,0.48754954,0,0.0
lf,0.48754954,0,0.0
lg,0.48754954,0,0.0
lh,0.48754954,0,0.0
li,0.50465393,1,0.0
lj,0.50465393,1,0.0
lk,0.50465393,1,0.0
ll,0.50465393,1,0.0
lm,0.50465393,1,0.0
ln,0.50465393,1,0.0
lo,0.50465393,1,0.0
lp,0.48754954,0,0.0
lq,0.48754954,0,0.0
lr,0.50465393,1,0.0
ls,0.48754954,0,0.0
lt,0.50465393,1,0.0
lu,0.50465393,1,0.0
lv,0.48754954,0,0.0
lw,0.48754954,0,0.0
lx,0.50465393,1,0.0
ly,0.48754954,0,0.0
lz,0.50465393,1,0.0
lA,0.50465393,1,0.0
lB,0.50465393,1,0.0
lC,0.48754954,0,0.0
lD,0.48754954,0,0.0
lE,0.50465393,1,0.0
lF,0.50465393,1,0.0
lG,0.50465393,1,0.0
lH,0.48754954,0,0.0
lI,0.50465393,1,0.0
lJ,0.50465393,1,0.0
lK,0.48754954,0,0.0
lL,0.50465393,1,0.0
lM,0.48754954,0,0.0
lN,0.48754954,0,0.0
lO,0.48754954,0,0.0
lP,0.48754954,0,0.0
lQ,0.50465393,1,0.0
lR,0.48754954,0,0.0
lS,0.48754954,0,0.0
lT,0.48754954,0,0.0
lU,0.48754954,0,0.0
lV,0.50465393,1,0.0
lW,0.48754954,0,0.0
lX,0.50465393,1,0.0
lY,0.48754954,0,0.0
lZ,0.48754954,0,0.0
ma,0.48754954,0,0.0
mb,0.50465393,1,0.0
mc,0.50465393,1,0.0
md,0.48754954,0,0.0
me,0.48754954,0,0.0
mf,0.48754954,0,0.0
mg,0.50465393,1,0.0
mh,0.50465393,1,0.0
mi,0.48754954,0,0.0
mj,0.50465393,1,0.0
mk,0.50465393,1,0.0
ml,0.48754954,0,0.0
mm,0.50465393,1,0.0
mn,0.50465393,1,0.0
mo,0.48754954,0,0.0
mp,0.48754954,0,0.0
mq,0.48754954,0,0.0
mr,0.50465393,1,0.0
ms,0.50465393,1,0.0
mt,0.48754954,0,0.0
mu,0.48754954,0,0.0
mv,0.50465393,1,0.0
mw,0.48754954,0,0.0
mx,0.48754954,0,0.0
my,0.48754954,0,0.0
mz,0.50465393,1,0.0
mA,0.50465393,1,0.0
mB,0.48754954,0,0.0
mC,0.48754954,0,0.0
mD,0.48754954,0,0.0
mE,0.50465393,1,0.0
mF,0.50465393,1,0.0
mG,0.48754954,0,0.0
mH,0.50465393,1,0.0
mI,0.48754954,0,0.0
mJ,0.50465393,1,0.0
mK,0.50465393,1,0.0
mL,0.50465393,1,0.0
mM,0.48754954,0,0.0
mN,0.48754954,0,0.0
mO,0.50465393,1,0.0
mP,0.50465393,1,0.0
mQ,0.48754954,0,0.0
mR,0.50465393,1,0.0
mS,0.48754954,0,0.0
mT,0.50465393,1,0.0
mU,0.48754954,0,0.0
mV,0.50465393,1,0.0
mW,0.50465393,1,0.0
mX,0.48754954,0,0.0
mY,0.48754954,0,0.0
mZ,0.48754954,0,0.0
na,0.50465393,1,0.0
nb,0.50465393,1,0.0
nc,0.48754954,0,0.0
nd,0.48754954,0,0.0
ne,0.48754954,0,0.0
nf,0.50465393,1,0.0
ng,0.48754954,0,0.0
nh,0.48754954,0,0.0
ni,0.50465393,1,0.0
nj,0.50465393,1,0.0
